count,date,dose_one,dose_two,time_slot
260373.0,2021-05-17,221022.0,221022.0,12:00-13:00
103602.0,2021-05-17,86209.0,86209.0,16:00-17:00
181194.0,2021-05-17,153502.0,153502.0,10:00-11:00
54862.0,2021-05-17,45118.0,45118.0,09:00-10:00
808.0,2021-05-17,490.0,490.0,07:00-08:00
262409.0,2021-05-17,222657.0,222657.0,11:00-12:00
202581.0,2021-05-17,173455.0,173455.0,13:00-14:00
173665.0,2021-05-17,148658.0,148658.0,14:00-15:00
157245.0,2021-05-17,132353.0,132353.0,15:00-16:00
6236.0,2021-05-17,4407.0,4407.0,08:00-09:00
46358.0,2021-05-17,36704.0,36704.0,17:00-18:00
12890.0,2021-05-17,9702.0,9702.0,19:00-20:00
7832.0,2021-05-17,6024.0,6024.0,20:00-21:00
5006.0,2021-05-17,3996.0,3996.0,22:00-23:00
6739.0,2021-05-17,5324.0,5324.0,21:00-22:00
20801.0,2021-05-17,16049.0,16049.0,18:00-19:00
96019.0,2021-05-16,87254.0,87254.0,13:00-14:00
3387.0,2021-05-16,2660.0,2660.0,20:00-21:00
5032.0,2021-05-16,4151.0,4151.0,19:00-20:00
7428.0,2021-05-16,6190.0,6190.0,18:00-19:00
15072.0,2021-05-16,12821.0,12821.0,17:00-18:00
39297.0,2021-05-16,35342.0,35342.0,16:00-17:00
62075.0,2021-05-16,54555.0,54555.0,15:00-16:00
77508.0,2021-05-16,69858.0,69858.0,14:00-15:00
92897.0,2021-05-16,83737.0,83737.0,10:00-11:00
120616.0,2021-05-16,108775.0,108775.0,12:00-13:00
132617.0,2021-05-16,119220.0,119220.0,11:00-12:00
26098.0,2021-05-16,23439.0,23439.0,09:00-10:00
964.0,2021-05-16,639.0,639.0,08:00-09:00
89.0,2021-05-16,5.0,5.0,07:00-08:00
1541.0,2021-05-16,1290.0,1290.0,22:00-23:00
1659.0,2021-05-16,1321.0,1321.0,21:00-22:00
1065.0,2021-05-15,793.0,793.0,22:00-23:00
1281.0,2021-05-15,815.0,815.0,21:00-22:00
327.0,2021-05-15,79.0,79.0,07:00-08:00
196314.0,2021-05-15,131780.0,131780.0,14:00-15:00
7003.0,2021-05-15,3471.0,3471.0,08:00-09:00
8728.0,2021-05-15,5090.0,5090.0,20:00-21:00
15981.0,2021-05-15,10065.0,10065.0,19:00-20:00
25478.0,2021-05-15,16417.0,16417.0,18:00-19:00
118031.0,2021-05-15,76146.0,76146.0,16:00-17:00
175599.0,2021-05-15,115024.0,115024.0,15:00-16:00
54184.0,2021-05-15,34487.0,34487.0,17:00-18:00
238602.0,2021-05-15,158210.0,158210.0,13:00-14:00
304945.0,2021-05-15,195921.0,195921.0,12:00-13:00
304165.0,2021-05-15,198013.0,198013.0,11:00-12:00
218819.0,2021-05-15,144757.0,144757.0,10:00-11:00
68770.0,2021-05-15,44929.0,44929.0,09:00-10:00
122719.0,2021-05-14,72335.0,72335.0,14:00-15:00
5350.0,2021-05-14,3331.0,3331.0,08:00-09:00
236.0,2021-05-14,120.0,120.0,07:00-08:00
136849.0,2021-05-14,79314.0,79314.0,10:00-11:00
195206.0,2021-05-14,111420.0,111420.0,11:00-12:00
40610.0,2021-05-14,23306.0,23306.0,09:00-10:00
194931.0,2021-05-14,111338.0,111338.0,12:00-13:00
156880.0,2021-05-14,90325.0,90325.0,13:00-14:00
35528.0,2021-05-14,20335.0,20335.0,17:00-18:00
109030.0,2021-05-14,60534.0,60534.0,15:00-16:00
67956.0,2021-05-14,37946.0,37946.0,16:00-17:00
15741.0,2021-05-14,8987.0,8987.0,18:00-19:00
9078.0,2021-05-14,5356.0,5356.0,19:00-20:00
5811.0,2021-05-14,3208.0,3208.0,20:00-21:00
5463.0,2021-05-14,2993.0,2993.0,21:00-22:00
4198.0,2021-05-14,1990.0,1990.0,22:00-23:00
221481.0,2021-05-13,116268.0,116268.0,14:00-15:00
11994.0,2021-05-13,5006.0,5006.0,21:00-22:00
14135.0,2021-05-13,7124.0,7124.0,20:00-21:00
18065.0,2021-05-13,8623.0,8623.0,19:00-20:00
31555.0,2021-05-13,15587.0,15587.0,18:00-19:00
64238.0,2021-05-13,34037.0,34037.0,17:00-18:00
147246.0,2021-05-13,76099.0,76099.0,16:00-17:00
208424.0,2021-05-13,108214.0,108214.0,15:00-16:00
8941.0,2021-05-13,3758.0,3758.0,22:00-23:00
262371.0,2021-05-13,135597.0,135597.0,13:00-14:00
351288.0,2021-05-13,174034.0,174034.0,11:00-12:00
248693.0,2021-05-13,129902.0,129902.0,10:00-11:00
75528.0,2021-05-13,42544.0,42544.0,09:00-10:00
8327.0,2021-05-13,5087.0,5087.0,08:00-09:00
289.0,2021-05-13,77.0,77.0,07:00-08:00
343318.0,2021-05-13,169425.0,169425.0,12:00-13:00
201670.0,2021-05-12,105928.0,105928.0,15:00-16:00
10273.0,2021-05-12,5180.0,5180.0,21:00-22:00
11749.0,2021-05-12,5508.0,5508.0,20:00-21:00
7389.0,2021-05-12,3368.0,3368.0,22:00-23:00
17998.0,2021-05-12,9117.0,9117.0,19:00-20:00
31927.0,2021-05-12,15705.0,15705.0,18:00-19:00
67277.0,2021-05-12,33530.0,33530.0,17:00-18:00
142570.0,2021-05-12,72540.0,72540.0,16:00-17:00
210761.0,2021-05-12,112662.0,112662.0,14:00-15:00
249307.0,2021-05-12,130091.0,130091.0,13:00-14:00
317358.0,2021-05-12,165119.0,165119.0,12:00-13:00
320916.0,2021-05-12,168620.0,168620.0,11:00-12:00
218876.0,2021-05-12,123882.0,123882.0,10:00-11:00
66055.0,2021-05-12,39206.0,39206.0,09:00-10:00
6796.0,2021-05-12,3958.0,3958.0,08:00-09:00
290.0,2021-05-12,54.0,54.0,07:00-08:00
254098.0,2021-05-11,119222.0,119222.0,15:00-16:00
8310.0,2021-05-11,3792.0,3792.0,08:00-09:00
87745.0,2021-05-11,42780.0,42780.0,09:00-10:00
288754.0,2021-05-11,132774.0,132774.0,10:00-11:00
410288.0,2021-05-11,179951.0,179951.0,11:00-12:00
422960.0,2021-05-11,182757.0,182757.0,12:00-13:00
322135.0,2021-05-11,144394.0,144394.0,13:00-14:00
271587.0,2021-05-11,121939.0,121939.0,14:00-15:00
689.0,2021-05-11,156.0,156.0,07:00-08:00
174080.0,2021-05-11,77451.0,77451.0,16:00-17:00
82313.0,2021-05-11,36461.0,36461.0,17:00-18:00
41678.0,2021-05-11,17907.0,17907.0,18:00-19:00
23828.0,2021-05-11,10480.0,10480.0,19:00-20:00
18722.0,2021-05-11,7657.0,7657.0,20:00-21:00
13697.0,2021-05-11,5866.0,5866.0,21:00-22:00
6513.0,2021-05-11,2639.0,2639.0,22:00-23:00
350469.0,2021-05-10,149333.0,149333.0,13:00-14:00
738.0,2021-05-10,62.0,62.0,07:00-08:00
7642.0,2021-05-10,1873.0,1873.0,08:00-09:00
79784.0,2021-05-10,36183.0,36183.0,09:00-10:00
268068.0,2021-05-10,120144.0,120144.0,10:00-11:00
402482.0,2021-05-10,172178.0,172178.0,11:00-12:00
421867.0,2021-05-10,178234.0,178234.0,12:00-13:00
184736.0,2021-05-10,78741.0,78741.0,16:00-17:00
293769.0,2021-05-10,132257.0,132257.0,14:00-15:00
90524.0,2021-05-10,37783.0,37783.0,17:00-18:00
42907.0,2021-05-10,16888.0,16888.0,18:00-19:00
27725.0,2021-05-10,11057.0,11057.0,19:00-20:00
20152.0,2021-05-10,8111.0,8111.0,20:00-21:00
16902.0,2021-05-10,6685.0,6685.0,21:00-22:00
12683.0,2021-05-10,4956.0,4956.0,22:00-23:00
266919.0,2021-05-10,116599.0,116599.0,15:00-16:00
72701.0,2021-05-09,46221.0,46221.0,14:00-15:00
83.0,2021-05-09,43.0,43.0,07:00-08:00
1601.0,2021-05-09,841.0,841.0,08:00-09:00
27266.0,2021-05-09,16675.0,16675.0,09:00-10:00
125921.0,2021-05-09,70927.0,70927.0,11:00-12:00
123793.0,2021-05-09,72531.0,72531.0,12:00-13:00
93035.0,2021-05-09,56855.0,56855.0,13:00-14:00
94056.0,2021-05-09,52947.0,52947.0,10:00-11:00
60968.0,2021-05-09,37974.0,37974.0,15:00-16:00
17992.0,2021-05-09,10216.0,10216.0,17:00-18:00
9738.0,2021-05-09,5255.0,5255.0,18:00-19:00
5414.0,2021-05-09,2576.0,2576.0,19:00-20:00
5095.0,2021-05-09,2401.0,2401.0,20:00-21:00
4261.0,2021-05-09,1937.0,1937.0,21:00-22:00
2947.0,2021-05-09,1387.0,1387.0,22:00-23:00
42040.0,2021-05-09,25496.0,25496.0,16:00-17:00
134685.0,2021-05-08,58847.0,58847.0,16:00-17:00
258777.0,2021-05-08,106648.0,106648.0,10:00-11:00
363230.0,2021-05-08,142220.0,142220.0,11:00-12:00
355137.0,2021-05-08,139432.0,139432.0,12:00-13:00
263972.0,2021-05-08,108149.0,108149.0,13:00-14:00
211325.0,2021-05-08,93637.0,93637.0,14:00-15:00
187249.0,2021-05-08,83112.0,83112.0,15:00-16:00
13374.0,2021-05-08,5674.0,5674.0,20:00-21:00
68912.0,2021-05-08,30090.0,30090.0,17:00-18:00
30415.0,2021-05-08,13495.0,13495.0,18:00-19:00
17457.0,2021-05-08,7354.0,7354.0,19:00-20:00
11111.0,2021-05-08,4483.0,4483.0,21:00-22:00
9477.0,2021-05-08,3754.0,3754.0,22:00-23:00
3235.0,2021-05-08,1170.0,1170.0,08:00-09:00
79546.0,2021-05-08,34835.0,34835.0,09:00-10:00
11400.0,2021-05-07,4850.0,4850.0,22:00-23:00
398.0,2021-05-07,130.0,130.0,07:00-08:00
77501.0,2021-05-07,35849.0,35849.0,09:00-10:00
17764.0,2021-05-07,8057.0,8057.0,20:00-21:00
5703.0,2021-05-07,2156.0,2156.0,08:00-09:00
262049.0,2021-05-07,111684.0,111684.0,10:00-11:00
382600.0,2021-05-07,155944.0,155944.0,11:00-12:00
387202.0,2021-05-07,157678.0,157678.0,12:00-13:00
308819.0,2021-05-07,126995.0,126995.0,13:00-14:00
259465.0,2021-05-07,114974.0,114974.0,14:00-15:00
235957.0,2021-05-07,109032.0,109032.0,15:00-16:00
163259.0,2021-05-07,78356.0,78356.0,16:00-17:00
81891.0,2021-05-07,37890.0,37890.0,17:00-18:00
39804.0,2021-05-07,17935.0,17935.0,18:00-19:00
26913.0,2021-05-07,12229.0,12229.0,19:00-20:00
16044.0,2021-05-07,6976.0,6976.0,21:00-22:00
7182.0,2021-05-06,2436.0,2436.0,08:00-09:00
85416.0,2021-05-06,37777.0,37777.0,09:00-10:00
669.0,2021-05-06,247.0,247.0,07:00-08:00
279028.0,2021-05-06,119058.0,119058.0,10:00-11:00
89121.0,2021-05-06,43810.0,43810.0,17:00-18:00
400297.0,2021-05-06,169312.0,169312.0,11:00-12:00
11452.0,2021-05-06,5342.0,5342.0,22:00-23:00
14743.0,2021-05-06,6956.0,6956.0,21:00-22:00
27428.0,2021-05-06,12754.0,12754.0,19:00-20:00
42051.0,2021-05-06,21099.0,21099.0,18:00-19:00
19426.0,2021-05-06,9296.0,9296.0,20:00-21:00
160581.0,2021-05-06,77098.0,77098.0,16:00-17:00
240102.0,2021-05-06,114246.0,114246.0,15:00-16:00
258714.0,2021-05-06,122479.0,122479.0,14:00-15:00
311735.0,2021-05-06,137391.0,137391.0,13:00-14:00
402837.0,2021-05-06,173678.0,173678.0,12:00-13:00
943.0,2021-05-05,149.0,149.0,07:00-08:00
205943.0,2021-05-05,97762.0,97762.0,15:00-16:00
5724.0,2021-05-05,2086.0,2086.0,08:00-09:00
61351.0,2021-05-05,31055.0,31055.0,09:00-10:00
211316.0,2021-05-05,98471.0,98471.0,10:00-11:00
322913.0,2021-05-05,142102.0,142102.0,11:00-12:00
330257.0,2021-05-05,147202.0,147202.0,12:00-13:00
266720.0,2021-05-05,121033.0,121033.0,13:00-14:00
219321.0,2021-05-05,103202.0,103202.0,14:00-15:00
21793.0,2021-05-05,11010.0,11010.0,19:00-20:00
141854.0,2021-05-05,68615.0,68615.0,16:00-17:00
74829.0,2021-05-05,36795.0,36795.0,17:00-18:00
35319.0,2021-05-05,17772.0,17772.0,18:00-19:00
17571.0,2021-05-05,8928.0,8928.0,20:00-21:00
14312.0,2021-05-05,7189.0,7189.0,21:00-22:00
10024.0,2021-05-05,4852.0,4852.0,22:00-23:00
10948.0,2021-05-04,5975.0,5975.0,20:00-21:00
205626.0,2021-05-04,104383.0,104383.0,13:00-14:00
14494.0,2021-05-04,8122.0,8122.0,19:00-20:00
18583.0,2021-05-04,8904.0,8904.0,18:00-19:00
41593.0,2021-05-04,22678.0,22678.0,17:00-18:00
92665.0,2021-05-04,50309.0,50309.0,16:00-17:00
148362.0,2021-05-04,78313.0,78313.0,15:00-16:00
173154.0,2021-05-04,92153.0,92153.0,14:00-15:00
6656.0,2021-05-04,3416.0,3416.0,22:00-23:00
264879.0,2021-05-04,135000.0,135000.0,12:00-13:00
261876.0,2021-05-04,136782.0,136782.0,11:00-12:00
166529.0,2021-05-04,93312.0,93312.0,10:00-11:00
48464.0,2021-05-04,28561.0,28561.0,09:00-10:00
3601.0,2021-05-04,1836.0,1836.0,08:00-09:00
313.0,2021-05-04,197.0,197.0,07:00-08:00
10231.0,2021-05-04,5671.0,5671.0,21:00-22:00
29835.0,2021-05-03,15311.0,15311.0,18:00-19:00
21368.0,2021-05-03,11205.0,11205.0,19:00-20:00
14712.0,2021-05-03,7735.0,7735.0,21:00-22:00
275468.0,2021-05-03,128752.0,128752.0,11:00-12:00
10854.0,2021-05-03,5203.0,5203.0,22:00-23:00
15244.0,2021-05-03,7821.0,7821.0,20:00-21:00
187.0,2021-05-03,106.0,106.0,07:00-08:00
3016.0,2021-05-03,1547.0,1547.0,08:00-09:00
180264.0,2021-05-03,85841.0,85841.0,10:00-11:00
49270.0,2021-05-03,25315.0,25315.0,09:00-10:00
297200.0,2021-05-03,141288.0,141288.0,12:00-13:00
236758.0,2021-05-03,115487.0,115487.0,13:00-14:00
202425.0,2021-05-03,103668.0,103668.0,14:00-15:00
177739.0,2021-05-03,90519.0,90519.0,15:00-16:00
119399.0,2021-05-03,61859.0,61859.0,16:00-17:00
57505.0,2021-05-03,30725.0,30725.0,17:00-18:00
86774.0,2021-05-02,52839.0,52839.0,12:00-13:00
12643.0,2021-05-02,7428.0,7428.0,17:00-18:00
27553.0,2021-05-02,17053.0,17053.0,16:00-17:00
43474.0,2021-05-02,26495.0,26495.0,15:00-16:00
52995.0,2021-05-02,33536.0,33536.0,14:00-15:00
63921.0,2021-05-02,40256.0,40256.0,13:00-14:00
3441.0,2021-05-02,2277.0,2277.0,22:00-23:00
86315.0,2021-05-02,52808.0,52808.0,11:00-12:00
59452.0,2021-05-02,37055.0,37055.0,10:00-11:00
17163.0,2021-05-02,10972.0,10972.0,09:00-10:00
549.0,2021-05-02,340.0,340.0,08:00-09:00
41.0,2021-05-02,24.0,24.0,07:00-08:00
4486.0,2021-05-02,2686.0,2686.0,20:00-21:00
5244.0,2021-05-02,3105.0,3105.0,19:00-20:00
8743.0,2021-05-02,5401.0,5401.0,18:00-19:00
4333.0,2021-05-02,2467.0,2467.0,21:00-22:00
7131.0,2021-05-01,3914.0,3914.0,22:00-23:00
1722.0,2021-05-01,770.0,770.0,08:00-09:00
39218.0,2021-05-01,18414.0,18414.0,09:00-10:00
153357.0,2021-05-01,75960.0,75960.0,10:00-11:00
240484.0,2021-05-01,122006.0,122006.0,11:00-12:00
245697.0,2021-05-01,131020.0,131020.0,12:00-13:00
189553.0,2021-05-01,105745.0,105745.0,13:00-14:00
150144.0,2021-05-01,85671.0,85671.0,14:00-15:00
133210.0,2021-05-01,76951.0,76951.0,15:00-16:00
91510.0,2021-05-01,54540.0,54540.0,16:00-17:00
45623.0,2021-05-01,27926.0,27926.0,17:00-18:00
23570.0,2021-05-01,14404.0,14404.0,18:00-19:00
16497.0,2021-05-01,9258.0,9258.0,19:00-20:00
11747.0,2021-05-01,6796.0,6796.0,21:00-22:00
11954.0,2021-05-01,7023.0,7023.0,20:00-21:00
135.0,2021-05-01,104.0,104.0,07:00-08:00
59515.0,2021-04-30,35612.0,35612.0,18:00-19:00
424894.0,2021-04-30,231115.0,231115.0,13:00-14:00
117053.0,2021-04-30,68991.0,68991.0,17:00-18:00
222953.0,2021-04-30,130615.0,130615.0,16:00-17:00
291474.0,2021-04-30,165846.0,165846.0,15:00-16:00
28835.0,2021-04-30,18584.0,18584.0,20:00-21:00
307565.0,2021-04-30,172403.0,172403.0,14:00-15:00
373030.0,2021-04-30,190266.0,190266.0,12:00-13:00
20230.0,2021-04-30,13205.0,13205.0,22:00-23:00
239082.0,2021-04-30,114112.0,114112.0,11:00-12:00
182172.0,2021-04-30,80146.0,80146.0,10:00-11:00
64678.0,2021-04-30,26097.0,26097.0,09:00-10:00
6019.0,2021-04-30,2168.0,2168.0,08:00-09:00
577.0,2021-04-30,238.0,238.0,07:00-08:00
25110.0,2021-04-30,15863.0,15863.0,21:00-22:00
38580.0,2021-04-30,24531.0,24531.0,19:00-20:00
271006.0,2021-04-29,146382.0,146382.0,13:00-14:00
273.0,2021-04-29,168.0,168.0,07:00-08:00
19159.0,2021-04-29,12118.0,12118.0,22:00-23:00
3192.0,2021-04-29,1388.0,1388.0,08:00-09:00
40191.0,2021-04-29,16941.0,16941.0,09:00-10:00
142604.0,2021-04-29,66054.0,66054.0,10:00-11:00
211764.0,2021-04-29,104443.0,104443.0,11:00-12:00
262431.0,2021-04-29,136550.0,136550.0,12:00-13:00
262116.0,2021-04-29,147069.0,147069.0,14:00-15:00
191218.0,2021-04-29,104801.0,104801.0,15:00-16:00
206405.0,2021-04-29,115800.0,115800.0,16:00-17:00
136892.0,2021-04-29,78176.0,78176.0,17:00-18:00
72186.0,2021-04-29,41774.0,41774.0,18:00-19:00
45567.0,2021-04-29,26915.0,26915.0,19:00-20:00
36440.0,2021-04-29,22726.0,22726.0,20:00-21:00
30309.0,2021-04-29,18840.0,18840.0,21:00-22:00
268752.0,2021-04-28,138119.0,138119.0,11:00-12:00
464.0,2021-04-28,228.0,228.0,07:00-08:00
54210.0,2021-04-28,22815.0,22815.0,09:00-10:00
172783.0,2021-04-28,82749.0,82749.0,10:00-11:00
307472.0,2021-04-28,168296.0,168296.0,12:00-13:00
293683.0,2021-04-28,167919.0,167919.0,13:00-14:00
254719.0,2021-04-28,149860.0,149860.0,14:00-15:00
223522.0,2021-04-28,128246.0,128246.0,15:00-16:00
65479.0,2021-04-28,37756.0,37756.0,16:00-17:00
105328.0,2021-04-28,60544.0,60544.0,17:00-18:00
58042.0,2021-04-28,34438.0,34438.0,18:00-19:00
41505.0,2021-04-28,25254.0,25254.0,19:00-20:00
27101.0,2021-04-28,16541.0,16541.0,20:00-21:00
20185.0,2021-04-28,13113.0,13113.0,21:00-22:00
19759.0,2021-04-28,12265.0,12265.0,22:00-23:00
3878.0,2021-04-28,1715.0,1715.0,08:00-09:00
514.0,2021-04-27,274.0,274.0,07:00-08:00
32497.0,2021-04-27,20727.0,20727.0,19:00-20:00
314764.0,2021-04-27,190809.0,190809.0,13:00-14:00
15746.0,2021-04-27,10568.0,10568.0,22:00-23:00
19194.0,2021-04-27,12284.0,12284.0,21:00-22:00
24202.0,2021-04-27,15105.0,15105.0,20:00-21:00
50866.0,2021-04-27,32382.0,32382.0,18:00-19:00
99763.0,2021-04-27,62504.0,62504.0,17:00-18:00
193504.0,2021-04-27,119085.0,119085.0,16:00-17:00
262830.0,2021-04-27,161780.0,161780.0,15:00-16:00
269138.0,2021-04-27,164177.0,164177.0,14:00-15:00
351014.0,2021-04-27,203421.0,203421.0,12:00-13:00
306054.0,2021-04-27,168833.0,168833.0,11:00-12:00
221315.0,2021-04-27,113550.0,113550.0,10:00-11:00
69290.0,2021-04-27,31517.0,31517.0,09:00-10:00
6044.0,2021-04-27,2670.0,2670.0,08:00-09:00
362099.0,2021-04-26,225748.0,225748.0,15:00-16:00
243698.0,2021-04-26,126566.0,126566.0,10:00-11:00
384831.0,2021-04-26,213517.0,213517.0,11:00-12:00
80429.0,2021-04-26,37202.0,37202.0,09:00-10:00
7843.0,2021-04-26,3329.0,3329.0,08:00-09:00
448466.0,2021-04-26,262223.0,262223.0,12:00-13:00
385437.0,2021-04-26,234554.0,234554.0,13:00-14:00
346700.0,2021-04-26,212839.0,212839.0,14:00-15:00
553.0,2021-04-26,199.0,199.0,07:00-08:00
357447.0,2021-04-26,228177.0,228177.0,16:00-17:00
195229.0,2021-04-26,124956.0,124956.0,17:00-18:00
89106.0,2021-04-26,55901.0,55901.0,18:00-19:00
34496.0,2021-04-26,23167.0,23167.0,21:00-22:00
56776.0,2021-04-26,36810.0,36810.0,19:00-20:00
40537.0,2021-04-26,25715.0,25715.0,20:00-21:00
25931.0,2021-04-26,17895.0,17895.0,22:00-23:00
9033.0,2021-04-25,6310.0,6310.0,21:00-22:00
6469.0,2021-04-25,4478.0,4478.0,22:00-23:00
117180.0,2021-04-25,82129.0,82129.0,13:00-14:00
114.0,2021-04-25,82.0,82.0,07:00-08:00
10284.0,2021-04-25,7265.0,7265.0,19:00-20:00
15298.0,2021-04-25,10582.0,10582.0,18:00-19:00
31504.0,2021-04-25,21696.0,21696.0,17:00-18:00
55923.0,2021-04-25,38941.0,38941.0,16:00-17:00
80485.0,2021-04-25,55904.0,55904.0,15:00-16:00
98967.0,2021-04-25,68650.0,68650.0,14:00-15:00
153993.0,2021-04-25,104093.0,104093.0,12:00-13:00
146256.0,2021-04-25,94411.0,94411.0,11:00-12:00
94906.0,2021-04-25,57260.0,57260.0,10:00-11:00
23640.0,2021-04-25,12950.0,12950.0,09:00-10:00
1097.0,2021-04-25,450.0,450.0,08:00-09:00
9095.0,2021-04-25,6814.0,6814.0,20:00-21:00
280612.0,2021-04-24,187189.0,187189.0,15:00-16:00
20062.0,2021-04-24,13579.0,13579.0,21:00-22:00
213.0,2021-04-24,54.0,54.0,07:00-08:00
2535.0,2021-04-24,849.0,849.0,08:00-09:00
53610.0,2021-04-24,24382.0,24382.0,09:00-10:00
176097.0,2021-04-24,92079.0,92079.0,10:00-11:00
338523.0,2021-04-24,199225.0,199225.0,11:00-12:00
380276.0,2021-04-24,237683.0,237683.0,12:00-13:00
316492.0,2021-04-24,206191.0,206191.0,13:00-14:00
292211.0,2021-04-24,190419.0,190419.0,14:00-15:00
205161.0,2021-04-24,137029.0,137029.0,16:00-17:00
97565.0,2021-04-24,66333.0,66333.0,17:00-18:00
50712.0,2021-04-24,34299.0,34299.0,18:00-19:00
31597.0,2021-04-24,21113.0,21113.0,19:00-20:00
23935.0,2021-04-24,16185.0,16185.0,20:00-21:00
17136.0,2021-04-24,11646.0,11646.0,22:00-23:00
39282.0,2021-04-23,26205.0,26205.0,19:00-20:00
415972.0,2021-04-23,253881.0,253881.0,12:00-13:00
29861.0,2021-04-23,21071.0,21071.0,20:00-21:00
20175.0,2021-04-23,14098.0,14098.0,22:00-23:00
378.0,2021-04-23,238.0,238.0,07:00-08:00
5434.0,2021-04-23,2459.0,2459.0,08:00-09:00
61656.0,2021-04-23,28938.0,28938.0,09:00-10:00
352652.0,2021-04-23,201135.0,201135.0,11:00-12:00
208424.0,2021-04-23,108469.0,108469.0,10:00-11:00
334496.0,2021-04-23,210592.0,210592.0,13:00-14:00
294417.0,2021-04-23,187705.0,187705.0,14:00-15:00
313193.0,2021-04-23,202848.0,202848.0,15:00-16:00
267530.0,2021-04-23,177027.0,177027.0,16:00-17:00
135225.0,2021-04-23,89663.0,89663.0,17:00-18:00
62991.0,2021-04-23,42063.0,42063.0,18:00-19:00
24405.0,2021-04-23,16367.0,16367.0,21:00-22:00
20567.0,2021-04-22,14405.0,14405.0,22:00-23:00
286694.0,2021-04-22,173836.0,173836.0,16:00-17:00
26642.0,2021-04-22,17769.0,17769.0,21:00-22:00
32445.0,2021-04-22,21546.0,21546.0,20:00-21:00
43886.0,2021-04-22,27317.0,27317.0,19:00-20:00
69313.0,2021-04-22,41253.0,41253.0,18:00-19:00
145711.0,2021-04-22,86914.0,86914.0,17:00-18:00
7724.0,2021-04-22,2695.0,2695.0,08:00-09:00
336115.0,2021-04-22,203695.0,203695.0,15:00-16:00
309652.0,2021-04-22,188736.0,188736.0,14:00-15:00
380698.0,2021-04-22,230272.0,230272.0,13:00-14:00
443737.0,2021-04-22,254881.0,254881.0,12:00-13:00
390566.0,2021-04-22,212843.0,212843.0,11:00-12:00
714.0,2021-04-22,250.0,250.0,07:00-08:00
73129.0,2021-04-22,31796.0,31796.0,09:00-10:00
233742.0,2021-04-22,116804.0,116804.0,10:00-11:00
14261.0,2021-04-21,10839.0,10839.0,22:00-23:00
17908.0,2021-04-21,12351.0,12351.0,21:00-22:00
469.0,2021-04-21,310.0,310.0,07:00-08:00
20185.0,2021-04-21,14448.0,14448.0,20:00-21:00
25595.0,2021-04-21,17721.0,17721.0,19:00-20:00
41695.0,2021-04-21,28458.0,28458.0,18:00-19:00
84980.0,2021-04-21,58250.0,58250.0,17:00-18:00
174697.0,2021-04-21,118303.0,118303.0,16:00-17:00
232808.0,2021-04-21,157191.0,157191.0,15:00-16:00
246299.0,2021-04-21,166695.0,166695.0,14:00-15:00
285120.0,2021-04-21,194209.0,194209.0,13:00-14:00
274866.0,2021-04-21,170393.0,170393.0,11:00-12:00
162971.0,2021-04-21,93907.0,93907.0,10:00-11:00
50288.0,2021-04-21,25658.0,25658.0,09:00-10:00
4784.0,2021-04-21,2446.0,2446.0,08:00-09:00
316174.0,2021-04-21,205836.0,205836.0,12:00-13:00
64650.0,2021-04-20,32704.0,32704.0,09:00-10:00
319294.0,2021-04-20,209625.0,209625.0,15:00-16:00
6219.0,2021-04-20,3082.0,3082.0,08:00-09:00
23345.0,2021-04-20,16803.0,16803.0,21:00-22:00
220328.0,2021-04-20,124039.0,124039.0,10:00-11:00
367666.0,2021-04-20,222702.0,222702.0,11:00-12:00
409250.0,2021-04-20,260452.0,260452.0,12:00-13:00
325367.0,2021-04-20,211853.0,211853.0,14:00-15:00
350694.0,2021-04-20,230214.0,230214.0,13:00-14:00
650.0,2021-04-20,375.0,375.0,07:00-08:00
238844.0,2021-04-20,159966.0,159966.0,16:00-17:00
120863.0,2021-04-20,79114.0,79114.0,17:00-18:00
58429.0,2021-04-20,39516.0,39516.0,18:00-19:00
35413.0,2021-04-20,24840.0,24840.0,19:00-20:00
28940.0,2021-04-20,20905.0,20905.0,20:00-21:00
20356.0,2021-04-20,14282.0,14282.0,22:00-23:00
355564.0,2021-04-19,249579.0,249579.0,15:00-16:00
70758.0,2021-04-19,38843.0,38843.0,09:00-10:00
237238.0,2021-04-19,142537.0,142537.0,10:00-11:00
399178.0,2021-04-19,258007.0,258007.0,11:00-12:00
455785.0,2021-04-19,307930.0,307930.0,12:00-13:00
395702.0,2021-04-19,275316.0,275316.0,13:00-14:00
335435.0,2021-04-19,232017.0,232017.0,14:00-15:00
23715.0,2021-04-19,17587.0,17587.0,22:00-23:00
306990.0,2021-04-19,215121.0,215121.0,16:00-17:00
158868.0,2021-04-19,112755.0,112755.0,17:00-18:00
76213.0,2021-04-19,54952.0,54952.0,18:00-19:00
43691.0,2021-04-19,30999.0,30999.0,19:00-20:00
32367.0,2021-04-19,24057.0,24057.0,20:00-21:00
30264.0,2021-04-19,22725.0,22725.0,21:00-22:00
6268.0,2021-04-19,3549.0,3549.0,08:00-09:00
377.0,2021-04-19,319.0,319.0,07:00-08:00
9391.0,2021-04-18,7431.0,7431.0,22:00-23:00
141926.0,2021-04-18,108499.0,108499.0,13:00-14:00
11700.0,2021-04-18,9051.0,9051.0,21:00-22:00
2385.0,2021-04-18,1512.0,1512.0,08:00-09:00
28507.0,2021-04-18,18195.0,18195.0,09:00-10:00
105803.0,2021-04-18,72285.0,72285.0,10:00-11:00
167629.0,2021-04-18,120353.0,120353.0,11:00-12:00
180152.0,2021-04-18,133800.0,133800.0,12:00-13:00
300.0,2021-04-18,221.0,221.0,07:00-08:00
118162.0,2021-04-18,90198.0,90198.0,14:00-15:00
76424.0,2021-04-18,58036.0,58036.0,16:00-17:00
38125.0,2021-04-18,30033.0,30033.0,17:00-18:00
21460.0,2021-04-18,16958.0,16958.0,18:00-19:00
15650.0,2021-04-18,12279.0,12279.0,19:00-20:00
12881.0,2021-04-18,9784.0,9784.0,20:00-21:00
103028.0,2021-04-18,79002.0,79002.0,15:00-16:00
296566.0,2021-04-17,226483.0,226483.0,15:00-16:00
56959.0,2021-04-17,33089.0,33089.0,09:00-10:00
198966.0,2021-04-17,129146.0,129146.0,10:00-11:00
328111.0,2021-04-17,229784.0,229784.0,11:00-12:00
370066.0,2021-04-17,274598.0,274598.0,12:00-13:00
324797.0,2021-04-17,246812.0,246812.0,13:00-14:00
312173.0,2021-04-17,239692.0,239692.0,14:00-15:00
50700.0,2021-04-17,39782.0,39782.0,18:00-19:00
228545.0,2021-04-17,176598.0,176598.0,16:00-17:00
105330.0,2021-04-17,81989.0,81989.0,17:00-18:00
31429.0,2021-04-17,24407.0,24407.0,19:00-20:00
19152.0,2021-04-17,15990.0,15990.0,22:00-23:00
22795.0,2021-04-17,18631.0,18631.0,21:00-22:00
411.0,2021-04-17,282.0,282.0,07:00-08:00
4257.0,2021-04-17,2401.0,2401.0,08:00-09:00
25992.0,2021-04-17,20392.0,20392.0,20:00-21:00
27238.0,2021-04-16,22206.0,22206.0,20:00-21:00
336943.0,2021-04-16,242714.0,242714.0,11:00-12:00
20333.0,2021-04-16,16746.0,16746.0,22:00-23:00
23297.0,2021-04-16,18875.0,18875.0,21:00-22:00
526.0,2021-04-16,389.0,389.0,07:00-08:00
5032.0,2021-04-16,3022.0,3022.0,08:00-09:00
64675.0,2021-04-16,38906.0,38906.0,09:00-10:00
207673.0,2021-04-16,139595.0,139595.0,10:00-11:00
34725.0,2021-04-16,28214.0,28214.0,19:00-20:00
374487.0,2021-04-16,280599.0,280599.0,12:00-13:00
300548.0,2021-04-16,229461.0,229461.0,14:00-15:00
290321.0,2021-04-16,222541.0,222541.0,15:00-16:00
225904.0,2021-04-16,174978.0,174978.0,16:00-17:00
110571.0,2021-04-16,85675.0,85675.0,17:00-18:00
55081.0,2021-04-16,44371.0,44371.0,18:00-19:00
336651.0,2021-04-16,257696.0,257696.0,13:00-14:00
289737.0,2021-04-15,232844.0,232844.0,15:00-16:00
21550.0,2021-04-15,19031.0,19031.0,22:00-23:00
25277.0,2021-04-15,21551.0,21551.0,21:00-22:00
29149.0,2021-04-15,24284.0,24284.0,20:00-21:00
37858.0,2021-04-15,31627.0,31627.0,19:00-20:00
56004.0,2021-04-15,46432.0,46432.0,18:00-19:00
98919.0,2021-04-15,80853.0,80853.0,17:00-18:00
218038.0,2021-04-15,174516.0,174516.0,16:00-17:00
335486.0,2021-04-15,255002.0,255002.0,11:00-12:00
296378.0,2021-04-15,238786.0,238786.0,14:00-15:00
344770.0,2021-04-15,279900.0,279900.0,13:00-14:00
382190.0,2021-04-15,301010.0,301010.0,12:00-13:00
218134.0,2021-04-15,155884.0,155884.0,10:00-11:00
610.0,2021-04-15,527.0,527.0,07:00-08:00
5402.0,2021-04-15,3551.0,3551.0,08:00-09:00
65051.0,2021-04-15,42042.0,42042.0,09:00-10:00
36098.0,2021-04-14,33096.0,33096.0,21:00-22:00
28247.0,2021-04-14,25630.0,25630.0,22:00-23:00
75652.0,2021-04-14,60609.0,60609.0,09:00-10:00
47047.0,2021-04-14,42188.0,42188.0,20:00-21:00
83672.0,2021-04-14,75807.0,75807.0,18:00-19:00
161042.0,2021-04-14,143011.0,143011.0,17:00-18:00
300677.0,2021-04-14,264453.0,264453.0,16:00-17:00
350311.0,2021-04-14,306122.0,306122.0,15:00-16:00
356834.0,2021-04-14,310908.0,310908.0,14:00-15:00
402067.0,2021-04-14,350045.0,350045.0,13:00-14:00
476262.0,2021-04-14,408991.0,408991.0,12:00-13:00
412034.0,2021-04-14,344933.0,344933.0,11:00-12:00
232192.0,2021-04-14,189192.0,189192.0,10:00-11:00
11815.0,2021-04-14,10542.0,10542.0,08:00-09:00
1804.0,2021-04-14,1651.0,1651.0,07:00-08:00
55384.0,2021-04-14,50412.0,50412.0,19:00-20:00
64279.0,2021-04-13,56510.0,56510.0,18:00-19:00
239744.0,2021-04-13,208671.0,208671.0,16:00-17:00
122416.0,2021-04-13,107494.0,107494.0,17:00-18:00
26215.0,2021-04-13,23952.0,23952.0,22:00-23:00
40462.0,2021-04-13,36424.0,36424.0,19:00-20:00
36545.0,2021-04-13,33159.0,33159.0,20:00-21:00
32492.0,2021-04-13,29672.0,29672.0,21:00-22:00
321923.0,2021-04-13,278753.0,278753.0,14:00-15:00
309218.0,2021-04-13,266038.0,266038.0,15:00-16:00
188513.0,2021-04-13,152024.0,152024.0,10:00-11:00
350321.0,2021-04-13,302221.0,302221.0,13:00-14:00
373619.0,2021-04-13,318301.0,318301.0,12:00-13:00
316195.0,2021-04-13,263567.0,263567.0,11:00-12:00
55434.0,2021-04-13,43395.0,43395.0,09:00-10:00
11824.0,2021-04-13,10034.0,10034.0,08:00-09:00
7489.0,2021-04-13,6828.0,6828.0,07:00-08:00
33476.0,2021-04-12,30497.0,30497.0,22:00-23:00
450630.0,2021-04-12,394730.0,394730.0,14:00-15:00
44293.0,2021-04-12,39831.0,39831.0,21:00-22:00
73700.0,2021-04-12,65749.0,65749.0,19:00-20:00
119970.0,2021-04-12,106145.0,106145.0,18:00-19:00
268663.0,2021-04-12,234269.0,234269.0,17:00-18:00
374618.0,2021-04-12,326614.0,326614.0,16:00-17:00
446787.0,2021-04-12,390797.0,390797.0,15:00-16:00
56980.0,2021-04-12,50621.0,50621.0,20:00-21:00
506658.0,2021-04-12,442699.0,442699.0,13:00-14:00
455821.0,2021-04-12,383367.0,383367.0,11:00-12:00
626.0,2021-04-12,592.0,592.0,07:00-08:00
260636.0,2021-04-12,210383.0,210383.0,10:00-11:00
76204.0,2021-04-12,57498.0,57498.0,09:00-10:00
537508.0,2021-04-12,463832.0,463832.0,12:00-13:00
5534.0,2021-04-12,4199.0,4199.0,08:00-09:00
323193.0,2021-04-11,300507.0,300507.0,13:00-14:00
43102.0,2021-04-11,36590.0,36590.0,09:00-10:00
175513.0,2021-04-11,155385.0,155385.0,10:00-11:00
297953.0,2021-04-11,269778.0,269778.0,11:00-12:00
364930.0,2021-04-11,335662.0,335662.0,12:00-13:00
264048.0,2021-04-11,247409.0,247409.0,16:00-17:00
285505.0,2021-04-11,266384.0,266384.0,14:00-15:00
280226.0,2021-04-11,261468.0,261468.0,15:00-16:00
373.0,2021-04-11,359.0,359.0,07:00-08:00
133157.0,2021-04-11,124733.0,124733.0,17:00-18:00
66916.0,2021-04-11,62668.0,62668.0,18:00-19:00
46777.0,2021-04-11,43933.0,43933.0,19:00-20:00
39375.0,2021-04-11,37419.0,37419.0,20:00-21:00
3177.0,2021-04-11,2655.0,2655.0,08:00-09:00
38888.0,2021-04-11,36679.0,36679.0,21:00-22:00
28948.0,2021-04-11,27204.0,27204.0,22:00-23:00
40761.0,2021-04-10,37731.0,37731.0,22:00-23:00
47953.0,2021-04-10,44856.0,44856.0,21:00-22:00
103939.0,2021-04-10,94421.0,94421.0,18:00-19:00
228811.0,2021-04-10,205972.0,205972.0,17:00-18:00
363291.0,2021-04-10,327521.0,327521.0,16:00-17:00
383305.0,2021-04-10,344953.0,344953.0,15:00-16:00
363798.0,2021-04-10,327733.0,327733.0,14:00-15:00
422137.0,2021-04-10,377722.0,377722.0,13:00-14:00
453107.0,2021-04-10,401584.0,401584.0,12:00-13:00
376641.0,2021-04-10,327074.0,327074.0,11:00-12:00
216458.0,2021-04-10,182339.0,182339.0,10:00-11:00
67443.0,2021-04-10,54121.0,54121.0,09:00-10:00
4773.0,2021-04-10,3737.0,3737.0,08:00-09:00
472.0,2021-04-10,427.0,427.0,07:00-08:00
58762.0,2021-04-10,54771.0,54771.0,20:00-21:00
69422.0,2021-04-10,63538.0,63538.0,19:00-20:00
74370.0,2021-04-09,60122.0,60122.0,09:00-10:00
236928.0,2021-04-09,213678.0,213678.0,17:00-18:00
14530.0,2021-04-09,13454.0,13454.0,22:00-23:00
5759.0,2021-04-09,4645.0,4645.0,08:00-09:00
308.0,2021-04-09,264.0,264.0,07:00-08:00
51673.0,2021-04-09,47141.0,47141.0,20:00-21:00
57457.0,2021-04-09,52349.0,52349.0,19:00-20:00
94816.0,2021-04-09,85699.0,85699.0,18:00-19:00
44006.0,2021-04-09,40403.0,40403.0,21:00-22:00
351797.0,2021-04-09,316594.0,316594.0,16:00-17:00
388907.0,2021-04-09,348926.0,348926.0,14:00-15:00
435569.0,2021-04-09,391067.0,391067.0,13:00-14:00
500264.0,2021-04-09,442463.0,442463.0,12:00-13:00
429806.0,2021-04-09,373726.0,373726.0,11:00-12:00
247049.0,2021-04-09,208491.0,208491.0,10:00-11:00
402015.0,2021-04-09,359891.0,359891.0,15:00-16:00
417431.0,2021-04-08,378681.0,378681.0,14:00-15:00
42455.0,2021-04-08,39377.0,39377.0,21:00-22:00
53756.0,2021-04-08,50401.0,50401.0,20:00-21:00
63674.0,2021-04-08,59061.0,59061.0,19:00-20:00
96442.0,2021-04-08,88181.0,88181.0,18:00-19:00
225531.0,2021-04-08,204723.0,204723.0,17:00-18:00
441124.0,2021-04-08,398046.0,398046.0,15:00-16:00
473642.0,2021-04-08,421099.0,421099.0,11:00-12:00
483756.0,2021-04-08,439819.0,439819.0,13:00-14:00
541382.0,2021-04-08,487317.0,487317.0,12:00-13:00
268612.0,2021-04-08,233498.0,233498.0,10:00-11:00
75220.0,2021-04-08,62544.0,62544.0,09:00-10:00
4650.0,2021-04-08,3761.0,3761.0,08:00-09:00
518.0,2021-04-08,473.0,473.0,07:00-08:00
35087.0,2021-04-08,32286.0,32286.0,22:00-23:00
351604.0,2021-04-08,318122.0,318122.0,16:00-17:00
33800.0,2021-04-07,28996.0,28996.0,09:00-10:00
313475.0,2021-04-07,289612.0,289612.0,16:00-17:00
2060.0,2021-04-07,1783.0,1783.0,08:00-09:00
223.0,2021-04-07,180.0,180.0,07:00-08:00
7376.0,2021-04-07,6990.0,6990.0,22:00-23:00
11498.0,2021-04-07,10872.0,10872.0,20:00-21:00
16793.0,2021-04-07,15762.0,15762.0,19:00-20:00
37761.0,2021-04-07,35296.0,35296.0,18:00-19:00
133652.0,2021-04-07,123383.0,123383.0,17:00-18:00
9921.0,2021-04-07,9446.0,9446.0,21:00-22:00
382731.0,2021-04-07,351624.0,351624.0,15:00-16:00
374180.0,2021-04-07,345081.0,345081.0,14:00-15:00
374868.0,2021-04-07,344633.0,344633.0,13:00-14:00
223130.0,2021-04-07,204116.0,204116.0,12:00-13:00
118850.0,2021-04-07,105315.0,105315.0,10:00-11:00
206595.0,2021-04-07,186485.0,186485.0,11:00-12:00
240102.0,2021-04-06,114246.0,114246.0,15:00-16:00
27428.0,2021-04-06,12754.0,12754.0,19:00-20:00
42051.0,2021-04-06,21099.0,21099.0,18:00-19:00
89121.0,2021-04-06,43810.0,43810.0,17:00-18:00
160581.0,2021-04-06,77098.0,77098.0,16:00-17:00
311735.0,2021-04-06,137391.0,137391.0,13:00-14:00
258714.0,2021-04-06,122479.0,122479.0,14:00-15:00
279028.0,2021-04-06,119058.0,119058.0,10:00-11:00
402837.0,2021-04-06,173678.0,173678.0,12:00-13:00
400297.0,2021-04-06,169312.0,169312.0,11:00-12:00
14743.0,2021-04-06,6956.0,6956.0,21:00-22:00
19426.0,2021-04-06,9296.0,9296.0,20:00-21:00
85416.0,2021-04-06,37777.0,37777.0,09:00-10:00
11452.0,2021-04-06,5342.0,5342.0,22:00-23:00
7182.0,2021-04-06,2436.0,2436.0,08:00-09:00
669.0,2021-04-06,247.0,247.0,07:00-08:00
13713.0,2021-04-05,12755.0,12755.0,19:00-20:00
692.0,2021-04-05,531.0,531.0,07:00-08:00
5639.0,2021-04-05,4885.0,4885.0,08:00-09:00
81670.0,2021-04-05,68949.0,68949.0,09:00-10:00
296379.0,2021-04-05,261154.0,261154.0,10:00-11:00
509352.0,2021-04-05,460645.0,460645.0,11:00-12:00
22196.0,2021-04-05,20486.0,20486.0,18:00-19:00
435394.0,2021-04-05,401780.0,401780.0,13:00-14:00
162763.0,2021-04-05,149656.0,149656.0,15:00-16:00
92543.0,2021-04-05,85129.0,85129.0,16:00-17:00
45612.0,2021-04-05,41899.0,41899.0,17:00-18:00
5772.0,2021-04-05,5415.0,5415.0,22:00-23:00
8638.0,2021-04-05,8161.0,8161.0,21:00-22:00
10508.0,2021-04-05,9865.0,9865.0,20:00-21:00
603199.0,2021-04-05,552421.0,552421.0,12:00-13:00
244284.0,2021-04-05,225946.0,225946.0,14:00-15:00
13253.0,2021-04-04,12419.0,12419.0,20:00-21:00
143453.0,2021-04-04,135980.0,135980.0,14:00-15:00
11068.0,2021-04-04,10556.0,10556.0,22:00-23:00
16719.0,2021-04-04,15904.0,15904.0,19:00-20:00
27065.0,2021-04-04,25535.0,25535.0,18:00-19:00
50123.0,2021-04-04,47280.0,47280.0,17:00-18:00
100819.0,2021-04-04,95849.0,95849.0,16:00-17:00
135202.0,2021-04-04,128607.0,128607.0,15:00-16:00
13183.0,2021-04-04,12398.0,12398.0,21:00-22:00
186019.0,2021-04-04,176345.0,176345.0,13:00-14:00
199256.0,2021-04-04,185907.0,185907.0,11:00-12:00
140397.0,2021-04-04,129083.0,129083.0,10:00-11:00
37759.0,2021-04-04,34004.0,34004.0,09:00-10:00
2608.0,2021-04-04,2367.0,2367.0,08:00-09:00
531.0,2021-04-04,394.0,394.0,07:00-08:00
207452.0,2021-04-04,195272.0,195272.0,12:00-13:00
54262.0,2021-04-03,50865.0,50865.0,16:00-17:00
2329.0,2021-04-03,2191.0,2191.0,22:00-23:00
2696.0,2021-04-03,2538.0,2538.0,21:00-22:00
3033.0,2021-04-03,2852.0,2852.0,20:00-21:00
3996.0,2021-04-03,3731.0,3731.0,19:00-20:00
12741.0,2021-04-03,12072.0,12072.0,18:00-19:00
379977.0,2021-04-03,354831.0,354831.0,13:00-14:00
91297.0,2021-04-03,85390.0,85390.0,15:00-16:00
162860.0,2021-04-03,152575.0,152575.0,14:00-15:00
547726.0,2021-04-03,507298.0,507298.0,12:00-13:00
484729.0,2021-04-03,443500.0,443500.0,11:00-12:00
287360.0,2021-04-03,257985.0,257985.0,10:00-11:00
79428.0,2021-04-03,68515.0,68515.0,09:00-10:00
600.0,2021-04-03,532.0,532.0,07:00-08:00
33286.0,2021-04-03,31221.0,31221.0,17:00-18:00
4818.0,2021-04-03,4229.0,4229.0,08:00-09:00
428.0,2021-04-02,385.0,385.0,07:00-08:00
220466.0,2021-04-02,197957.0,197957.0,10:00-11:00
7619.0,2021-04-02,7265.0,7265.0,22:00-23:00
9958.0,2021-04-02,9471.0,9471.0,21:00-22:00
12036.0,2021-04-02,11481.0,11481.0,20:00-21:00
15687.0,2021-04-02,14939.0,14939.0,19:00-20:00
28668.0,2021-04-02,27160.0,27160.0,18:00-19:00
92728.0,2021-04-02,87809.0,87809.0,17:00-18:00
158000.0,2021-04-02,149308.0,149308.0,16:00-17:00
259022.0,2021-04-02,244303.0,244303.0,15:00-16:00
3852.0,2021-04-02,3384.0,3384.0,08:00-09:00
387845.0,2021-04-02,364676.0,364676.0,13:00-14:00
440933.0,2021-04-02,411357.0,411357.0,12:00-13:00
366914.0,2021-04-02,337238.0,337238.0,11:00-12:00
339553.0,2021-04-02,320418.0,320418.0,14:00-15:00
59501.0,2021-04-02,51747.0,51747.0,09:00-10:00
69271.0,2021-04-01,65214.0,65214.0,17:00-18:00
239108.0,2021-04-01,223614.0,223614.0,15:00-16:00
312.0,2021-04-01,304.0,304.0,07:00-08:00
62296.0,2021-04-01,55911.0,55911.0,09:00-10:00
226958.0,2021-04-01,206555.0,206555.0,10:00-11:00
396396.0,2021-04-01,366363.0,366363.0,11:00-12:00
493026.0,2021-04-01,456285.0,456285.0,12:00-13:00
415993.0,2021-04-01,387349.0,387349.0,13:00-14:00
337689.0,2021-04-01,315738.0,315738.0,14:00-15:00
3633.0,2021-04-01,3272.0,3272.0,08:00-09:00
154077.0,2021-04-01,144537.0,144537.0,16:00-17:00
25595.0,2021-04-01,24458.0,24458.0,18:00-19:00
13183.0,2021-04-01,12592.0,12592.0,19:00-20:00
7995.0,2021-04-01,7671.0,7671.0,20:00-21:00
7297.0,2021-04-01,6962.0,6962.0,21:00-22:00
5474.0,2021-04-01,5215.0,5215.0,22:00-23:00
247939.0,2021-03-31,225303.0,225303.0,13:00-14:00
15558.0,2021-03-31,14672.0,14672.0,22:00-23:00
34151.0,2021-03-31,31754.0,31754.0,18:00-19:00
42336.0,2021-03-31,39096.0,39096.0,17:00-18:00
181567.0,2021-03-31,165073.0,165073.0,16:00-17:00
228501.0,2021-03-31,206400.0,206400.0,15:00-16:00
222362.0,2021-03-31,201579.0,201579.0,14:00-15:00
268393.0,2021-03-31,239083.0,239083.0,11:00-12:00
292039.0,2021-03-31,262966.0,262966.0,12:00-13:00
18714.0,2021-03-31,17562.0,17562.0,21:00-22:00
158154.0,2021-03-31,136422.0,136422.0,10:00-11:00
41060.0,2021-03-31,33975.0,33975.0,09:00-10:00
1631.0,2021-03-31,1315.0,1315.0,08:00-09:00
101.0,2021-03-31,86.0,86.0,07:00-08:00
24492.0,2021-03-31,23070.0,23070.0,20:00-21:00
31219.0,2021-03-31,29413.0,29413.0,19:00-20:00
13575.0,2021-03-30,13022.0,13022.0,22:00-23:00
109.0,2021-03-30,97.0,97.0,07:00-08:00
163373.0,2021-03-30,146194.0,146194.0,10:00-11:00
16838.0,2021-03-30,16097.0,16097.0,21:00-22:00
18830.0,2021-03-30,17990.0,17990.0,20:00-21:00
1893.0,2021-03-30,1598.0,1598.0,08:00-09:00
265895.0,2021-03-30,240977.0,240977.0,11:00-12:00
282780.0,2021-03-30,257273.0,257273.0,12:00-13:00
256022.0,2021-03-30,236286.0,236286.0,13:00-14:00
212635.0,2021-03-30,195717.0,195717.0,14:00-15:00
199516.0,2021-03-30,181762.0,181762.0,15:00-16:00
146286.0,2021-03-30,133978.0,133978.0,16:00-17:00
70005.0,2021-03-30,65030.0,65030.0,17:00-18:00
33290.0,2021-03-30,31293.0,31293.0,18:00-19:00
24444.0,2021-03-30,23090.0,23090.0,19:00-20:00
40449.0,2021-03-30,35191.0,35191.0,09:00-10:00
2957.0,2021-03-29,2816.0,2816.0,22:00-23:00
17511.0,2021-03-29,16340.0,16340.0,17:00-18:00
41123.0,2021-03-29,38597.0,38597.0,16:00-17:00
3821.0,2021-03-29,3675.0,3675.0,20:00-21:00
5946.0,2021-03-29,5694.0,5694.0,19:00-20:00
9279.0,2021-03-29,8672.0,8672.0,18:00-19:00
39.0,2021-03-29,37.0,37.0,07:00-08:00
893.0,2021-03-29,767.0,767.0,08:00-09:00
18298.0,2021-03-29,17377.0,17377.0,09:00-10:00
70418.0,2021-03-29,67417.0,67417.0,10:00-11:00
110718.0,2021-03-29,105237.0,105237.0,11:00-12:00
119387.0,2021-03-29,113634.0,113634.0,12:00-13:00
57360.0,2021-03-29,54043.0,54043.0,14:00-15:00
60463.0,2021-03-29,56703.0,56703.0,15:00-16:00
2905.0,2021-03-29,2782.0,2782.0,21:00-22:00
80742.0,2021-03-29,77325.0,77325.0,13:00-14:00
2530.0,2021-03-28,2503.0,2503.0,22:00-23:00
2489.0,2021-03-28,2446.0,2446.0,21:00-22:00
57.0,2021-03-28,55.0,55.0,07:00-08:00
5069.0,2021-03-28,4904.0,4904.0,09:00-10:00
21546.0,2021-03-28,21172.0,21172.0,10:00-11:00
39468.0,2021-03-28,38452.0,38452.0,11:00-12:00
41832.0,2021-03-28,40848.0,40848.0,12:00-13:00
34143.0,2021-03-28,33436.0,33436.0,13:00-14:00
325.0,2021-03-28,319.0,319.0,08:00-09:00
29068.0,2021-03-28,28470.0,28470.0,14:00-15:00
16798.0,2021-03-28,16528.0,16528.0,16:00-17:00
9122.0,2021-03-28,8950.0,8950.0,17:00-18:00
5081.0,2021-03-28,5035.0,5035.0,18:00-19:00
4450.0,2021-03-28,4288.0,4288.0,19:00-20:00
3623.0,2021-03-28,3440.0,3440.0,20:00-21:00
24212.0,2021-03-28,23856.0,23856.0,15:00-16:00
260574.0,2021-03-27,248114.0,248114.0,13:00-14:00
26374.0,2021-03-27,25751.0,25751.0,19:00-20:00
44258.0,2021-03-27,43196.0,43196.0,18:00-19:00
96596.0,2021-03-27,93124.0,93124.0,17:00-18:00
216355.0,2021-03-27,207119.0,207119.0,16:00-17:00
255279.0,2021-03-27,243205.0,243205.0,15:00-16:00
233340.0,2021-03-27,222336.0,222336.0,14:00-15:00
179110.0,2021-03-27,170207.0,170207.0,10:00-11:00
330698.0,2021-03-27,314027.0,314027.0,12:00-13:00
297154.0,2021-03-27,282029.0,282029.0,11:00-12:00
52719.0,2021-03-27,50152.0,50152.0,09:00-10:00
7190.0,2021-03-27,6961.0,6961.0,08:00-09:00
5371.0,2021-03-27,5266.0,5266.0,07:00-08:00
20933.0,2021-03-27,20581.0,20581.0,21:00-22:00
21666.0,2021-03-27,20855.0,20855.0,20:00-21:00
17721.0,2021-03-27,17554.0,17554.0,22:00-23:00
387486.0,2021-03-26,363670.0,363670.0,12:00-13:00
53285.0,2021-03-26,50080.0,50080.0,09:00-10:00
353360.0,2021-03-26,331486.0,331486.0,11:00-12:00
6709.0,2021-03-26,6386.0,6386.0,08:00-09:00
321024.0,2021-03-26,302923.0,302923.0,13:00-14:00
286932.0,2021-03-26,270607.0,270607.0,14:00-15:00
290315.0,2021-03-26,271712.0,271712.0,15:00-16:00
257801.0,2021-03-26,242637.0,242637.0,16:00-17:00
96957.0,2021-03-26,92739.0,92739.0,17:00-18:00
39543.0,2021-03-26,38547.0,38547.0,18:00-19:00
26768.0,2021-03-26,26098.0,26098.0,19:00-20:00
20349.0,2021-03-26,19806.0,19806.0,20:00-21:00
14630.0,2021-03-26,14258.0,14258.0,21:00-22:00
12854.0,2021-03-26,12643.0,12643.0,22:00-23:00
3132.0,2021-03-26,3057.0,3057.0,07:00-08:00
200516.0,2021-03-26,188619.0,188619.0,10:00-11:00
52659.0,2021-03-25,48485.0,48485.0,09:00-10:00
329255.0,2021-03-25,303243.0,303243.0,11:00-12:00
372555.0,2021-03-25,343096.0,343096.0,12:00-13:00
296186.0,2021-03-25,274254.0,274254.0,13:00-14:00
269674.0,2021-03-25,250479.0,250479.0,14:00-15:00
267393.0,2021-03-25,246280.0,246280.0,15:00-16:00
234231.0,2021-03-25,216957.0,216957.0,16:00-17:00
98914.0,2021-03-25,93086.0,93086.0,17:00-18:00
47564.0,2021-03-25,45264.0,45264.0,18:00-19:00
32887.0,2021-03-25,31336.0,31336.0,19:00-20:00
27498.0,2021-03-25,26589.0,26589.0,20:00-21:00
21820.0,2021-03-25,20973.0,20973.0,21:00-22:00
19138.0,2021-03-25,18557.0,18557.0,22:00-23:00
5073.0,2021-03-25,4952.0,4952.0,07:00-08:00
193162.0,2021-03-25,177757.0,177757.0,10:00-11:00
6515.0,2021-03-25,6221.0,6221.0,08:00-09:00
40281.0,2021-03-24,38970.0,38970.0,19:00-20:00
171952.0,2021-03-24,161927.0,161927.0,17:00-18:00
806.0,2021-03-24,791.0,791.0,23:00-00:00
21754.0,2021-03-24,21222.0,21222.0,22:00-23:00
23502.0,2021-03-24,22782.0,22782.0,21:00-22:00
30366.0,2021-03-24,29457.0,29457.0,20:00-21:00
3072.0,2021-03-24,2946.0,2946.0,08:00-09:00
73059.0,2021-03-24,69903.0,69903.0,18:00-19:00
241526.0,2021-03-24,223923.0,223923.0,16:00-17:00
263386.0,2021-03-24,244453.0,244453.0,15:00-16:00
265817.0,2021-03-24,249041.0,249041.0,14:00-15:00
325663.0,2021-03-24,303585.0,303585.0,13:00-14:00
329418.0,2021-03-24,306539.0,306539.0,12:00-13:00
252046.0,2021-03-24,235199.0,235199.0,11:00-12:00
103394.0,2021-03-24,96032.0,96032.0,10:00-11:00
15967.0,2021-03-24,14992.0,14992.0,09:00-10:00
45759.0,2021-03-23,43410.0,43410.0,19:00-20:00
3080.0,2021-03-23,2957.0,2957.0,08:00-09:00
80193.0,2021-03-23,76223.0,76223.0,18:00-19:00
223587.0,2021-03-23,203274.0,203274.0,16:00-17:00
33565.0,2021-03-23,31976.0,31976.0,20:00-21:00
28078.0,2021-03-23,26882.0,26882.0,21:00-22:00
15782.0,2021-03-23,15355.0,15355.0,23:00-00:00
172984.0,2021-03-23,160713.0,160713.0,17:00-18:00
36.0,2021-03-23,33.0,33.0,00:00-01:00
254597.0,2021-03-23,231045.0,231045.0,15:00-16:00
326247.0,2021-03-23,296848.0,296848.0,13:00-14:00
326145.0,2021-03-23,297023.0,297023.0,12:00-13:00
16924.0,2021-03-23,15261.0,15261.0,09:00-10:00
243821.0,2021-03-23,220711.0,220711.0,11:00-12:00
102301.0,2021-03-23,92616.0,92616.0,10:00-11:00
19071.0,2021-03-23,18475.0,18475.0,22:00-23:00
254530.0,2021-03-23,233659.0,233659.0,14:00-15:00
7510.0,2021-03-22,6976.0,6976.0,21:00-22:00
15224.0,2021-03-22,14016.0,14016.0,19:00-20:00
38958.0,2021-03-22,35645.0,35645.0,18:00-19:00
15.0,2021-03-22,15.0,15.0,00:00-01:00
4611.0,2021-03-22,4353.0,4353.0,23:00-00:00
6786.0,2021-03-22,6358.0,6358.0,22:00-23:00
9987.0,2021-03-22,9424.0,9424.0,20:00-21:00
235775.0,2021-03-22,210028.0,210028.0,16:00-17:00
377367.0,2021-03-22,340844.0,340844.0,14:00-15:00
102346.0,2021-03-22,91327.0,91327.0,17:00-18:00
343093.0,2021-03-22,307996.0,307996.0,15:00-16:00
1577.0,2021-03-22,1513.0,1513.0,08:00-09:00
13563.0,2021-03-22,12085.0,12085.0,09:00-10:00
431446.0,2021-03-22,388452.0,388452.0,12:00-13:00
320056.0,2021-03-22,287061.0,287061.0,11:00-12:00
126201.0,2021-03-22,112686.0,112686.0,10:00-11:00
455078.0,2021-03-22,410756.0,410756.0,13:00-14:00
20075.0,2021-03-21,19595.0,19595.0,18:00-19:00
3838.0,2021-03-21,3788.0,3788.0,23:00-00:00
6226.0,2021-03-21,6111.0,6111.0,21:00-22:00
5159.0,2021-03-21,5041.0,5041.0,22:00-23:00
8175.0,2021-03-21,8029.0,8029.0,20:00-21:00
12352.0,2021-03-21,12213.0,12213.0,19:00-20:00
38998.0,2021-03-21,38109.0,38109.0,17:00-18:00
58212.0,2021-03-21,56252.0,56252.0,15:00-16:00
74263.0,2021-03-21,71481.0,71481.0,13:00-14:00
56379.0,2021-03-21,54755.0,54755.0,16:00-17:00
3118.0,2021-03-21,3049.0,3049.0,08:00-09:00
60596.0,2021-03-21,58461.0,58461.0,14:00-15:00
79562.0,2021-03-21,76385.0,76385.0,12:00-13:00
8193.0,2021-03-21,7815.0,7815.0,09:00-10:00
25645.0,2021-03-21,24539.0,24539.0,10:00-11:00
59142.0,2021-03-21,56618.0,56618.0,11:00-12:00
114370.0,2021-03-20,102031.0,102031.0,10:00-11:00
16082.0,2021-03-20,15111.0,15111.0,20:00-21:00
56665.0,2021-03-20,53157.0,53157.0,18:00-19:00
16084.0,2021-03-20,14226.0,14226.0,09:00-10:00
354956.0,2021-03-20,321999.0,321999.0,13:00-14:00
283281.0,2021-03-20,257934.0,257934.0,14:00-15:00
274884.0,2021-03-20,249386.0,249386.0,16:00-17:00
148426.0,2021-03-20,136132.0,136132.0,17:00-18:00
279810.0,2021-03-20,253582.0,253582.0,15:00-16:00
353594.0,2021-03-20,320616.0,320616.0,12:00-13:00
268044.0,2021-03-20,241878.0,241878.0,11:00-12:00
25121.0,2021-03-20,23376.0,23376.0,19:00-20:00
12412.0,2021-03-20,11890.0,11890.0,21:00-22:00
8750.0,2021-03-20,8428.0,8428.0,22:00-23:00
6632.0,2021-03-20,6439.0,6439.0,23:00-00:00
23.0,2021-03-20,23.0,23.0,00:00-01:00
2264.0,2021-03-20,2045.0,2045.0,08:00-09:00
13.0,2021-03-19,12.0,12.0,00:00-01:00
116676.0,2021-03-19,103342.0,103342.0,10:00-11:00
291877.0,2021-03-19,260477.0,260477.0,11:00-12:00
15807.0,2021-03-19,14048.0,14048.0,09:00-10:00
374016.0,2021-03-19,334454.0,334454.0,12:00-13:00
393824.0,2021-03-19,353482.0,353482.0,13:00-14:00
2130.0,2021-03-19,1795.0,1795.0,08:00-09:00
326852.0,2021-03-19,294526.0,294526.0,14:00-15:00
324085.0,2021-03-19,289895.0,289895.0,15:00-16:00
271489.0,2021-03-19,241068.0,241068.0,16:00-17:00
128158.0,2021-03-19,115288.0,115288.0,17:00-18:00
45577.0,2021-03-19,42280.0,42280.0,18:00-19:00
18469.0,2021-03-19,17168.0,17168.0,19:00-20:00
9806.0,2021-03-19,9145.0,9145.0,21:00-22:00
4725.0,2021-03-19,4399.0,4399.0,23:00-00:00
7360.0,2021-03-19,6997.0,6997.0,22:00-23:00
13346.0,2021-03-19,12263.0,12263.0,20:00-21:00
12579.0,2021-03-18,10894.0,10894.0,22:00-23:00
7960.0,2021-03-18,7185.0,7185.0,23:00-00:00
1919.0,2021-03-18,1617.0,1617.0,08:00-09:00
274820.0,2021-03-18,229218.0,229218.0,16:00-17:00
14522.0,2021-03-18,12135.0,12135.0,21:00-22:00
32321.0,2021-03-18,27677.0,27677.0,19:00-20:00
21877.0,2021-03-18,18652.0,18652.0,20:00-21:00
73424.0,2021-03-18,61399.0,61399.0,18:00-19:00
172572.0,2021-03-18,143400.0,143400.0,17:00-18:00
283538.0,2021-03-18,238446.0,238446.0,15:00-16:00
15096.0,2021-03-18,13136.0,13136.0,09:00-10:00
281306.0,2021-03-18,238303.0,238303.0,14:00-15:00
111973.0,2021-03-18,95909.0,95909.0,10:00-11:00
339805.0,2021-03-18,290266.0,290266.0,13:00-14:00
259027.0,2021-03-18,221760.0,221760.0,11:00-12:00
341818.0,2021-03-18,292379.0,292379.0,12:00-13:00
307264.0,2021-03-17,259535.0,259535.0,12:00-13:00
98110.0,2021-03-17,81607.0,81607.0,10:00-11:00
11798.0,2021-03-17,10503.0,10503.0,23:00-00:00
1241.0,2021-03-17,1125.0,1125.0,08:00-09:00
13832.0,2021-03-17,12439.0,12439.0,22:00-23:00
17292.0,2021-03-17,15025.0,15025.0,21:00-22:00
310805.0,2021-03-17,262328.0,262328.0,13:00-14:00
237246.0,2021-03-17,197116.0,197116.0,15:00-16:00
236601.0,2021-03-17,198803.0,198803.0,11:00-12:00
244433.0,2021-03-17,203833.0,203833.0,14:00-15:00
13972.0,2021-03-17,11917.0,11917.0,09:00-10:00
243373.0,2021-03-17,202857.0,202857.0,16:00-17:00
174173.0,2021-03-17,147121.0,147121.0,17:00-18:00
61817.0,2021-03-17,52960.0,52960.0,18:00-19:00
32028.0,2021-03-17,28264.0,28264.0,19:00-20:00
22143.0,2021-03-17,19450.0,19450.0,20:00-21:00
202964.0,2021-03-16,167410.0,167410.0,16:00-17:00
15953.0,2021-03-16,14224.0,14224.0,22:00-23:00
129695.0,2021-03-16,106423.0,106423.0,17:00-18:00
27688.0,2021-03-16,23771.0,23771.0,19:00-20:00
17560.0,2021-03-16,15768.0,15768.0,21:00-22:00
20359.0,2021-03-16,18079.0,18079.0,20:00-21:00
54835.0,2021-03-16,47293.0,47293.0,18:00-19:00
280739.0,2021-03-16,233933.0,233933.0,12:00-13:00
277022.0,2021-03-16,230613.0,230613.0,13:00-14:00
224095.0,2021-03-16,186695.0,186695.0,14:00-15:00
224763.0,2021-03-16,185217.0,185217.0,15:00-16:00
209587.0,2021-03-16,173835.0,173835.0,11:00-12:00
83490.0,2021-03-16,68949.0,68949.0,10:00-11:00
2652.0,2021-03-16,2399.0,2399.0,08:00-09:00
15065.0,2021-03-16,12619.0,12619.0,09:00-10:00
5734.0,2021-03-16,5138.0,5138.0,23:00-00:00
472.0,2021-03-15,403.0,403.0,08:00-09:00
314381.0,2021-03-15,266890.0,266890.0,12:00-13:00
235727.0,2021-03-15,199771.0,199771.0,11:00-12:00
63.0,2021-03-15,54.0,54.0,00:00-01:00
4946.0,2021-03-15,4287.0,4287.0,23:00-00:00
16357.0,2021-03-15,14547.0,14547.0,21:00-22:00
15097.0,2021-03-15,13541.0,13541.0,22:00-23:00
27389.0,2021-03-15,24623.0,24623.0,20:00-21:00
87676.0,2021-03-15,74764.0,74764.0,18:00-19:00
94268.0,2021-03-15,78759.0,78759.0,10:00-11:00
194487.0,2021-03-15,157422.0,157422.0,17:00-18:00
295959.0,2021-03-15,241399.0,241399.0,16:00-17:00
10322.0,2021-03-15,8440.0,8440.0,09:00-10:00
312848.0,2021-03-15,264554.0,264554.0,14:00-15:00
309554.0,2021-03-15,256603.0,256603.0,15:00-16:00
348416.0,2021-03-15,293928.0,293928.0,13:00-14:00
36538.0,2021-03-15,32221.0,32221.0,19:00-20:00
17577.0,2021-03-14,15724.0,15724.0,15:00-16:00
23422.0,2021-03-14,20310.0,20310.0,12:00-13:00
17032.0,2021-03-14,14718.0,14718.0,11:00-12:00
23686.0,2021-03-14,20723.0,20723.0,13:00-14:00
19822.0,2021-03-14,17302.0,17302.0,14:00-15:00
5032.0,2021-03-14,4539.0,4539.0,18:00-19:00
1962.0,2021-03-14,1737.0,1737.0,20:00-21:00
10591.0,2021-03-14,9408.0,9408.0,17:00-18:00
867.0,2021-03-14,776.0,776.0,08:00-09:00
15397.0,2021-03-14,13791.0,13791.0,16:00-17:00
7822.0,2021-03-14,6823.0,6823.0,10:00-11:00
1991.0,2021-03-14,1710.0,1710.0,09:00-10:00
2974.0,2021-03-14,2631.0,2631.0,19:00-20:00
710.0,2021-03-14,655.0,655.0,23:00-00:00
1311.0,2021-03-14,1171.0,1171.0,22:00-23:00
1142.0,2021-03-14,1081.0,1081.0,21:00-22:00
14553.0,2021-03-13,12090.0,12090.0,20:00-21:00
8399.0,2021-03-13,7263.0,7263.0,22:00-23:00
12225.0,2021-03-13,10139.0,10139.0,21:00-22:00
6745.0,2021-03-13,5751.0,5751.0,23:00-00:00
20037.0,2021-03-13,17170.0,17170.0,19:00-20:00
45802.0,2021-03-13,36055.0,36055.0,18:00-19:00
10444.0,2021-03-13,7785.0,7785.0,09:00-10:00
116731.0,2021-03-13,89300.0,89300.0,17:00-18:00
160200.0,2021-03-13,122393.0,122393.0,16:00-17:00
1557.0,2021-03-13,1349.0,1349.0,08:00-09:00
167820.0,2021-03-13,130374.0,130374.0,15:00-16:00
168024.0,2021-03-13,132437.0,132437.0,14:00-15:00
211199.0,2021-03-13,165132.0,165132.0,13:00-14:00
214644.0,2021-03-13,169366.0,169366.0,12:00-13:00
151422.0,2021-03-13,119040.0,119040.0,11:00-12:00
68112.0,2021-03-13,53139.0,53139.0,10:00-11:00
36.0,2021-03-13,31.0,31.0,00:00-01:00
23.0,2021-03-12,21.0,21.0,00:00-01:00
9303.0,2021-03-12,7534.0,7534.0,23:00-00:00
14085.0,2021-03-12,11411.0,11411.0,22:00-23:00
15780.0,2021-03-12,12726.0,12726.0,21:00-22:00
24026.0,2021-03-12,19138.0,19138.0,20:00-21:00
33711.0,2021-03-12,27079.0,27079.0,19:00-20:00
573.0,2021-03-12,425.0,425.0,08:00-09:00
72688.0,2021-03-12,54962.0,54962.0,18:00-19:00
148708.0,2021-03-12,110112.0,110112.0,17:00-18:00
232253.0,2021-03-12,169836.0,169836.0,16:00-17:00
231916.0,2021-03-12,180575.0,180575.0,14:00-15:00
273606.0,2021-03-12,212676.0,212676.0,13:00-14:00
257859.0,2021-03-12,205727.0,205727.0,12:00-13:00
70236.0,2021-03-12,56940.0,56940.0,10:00-11:00
184088.0,2021-03-12,149674.0,149674.0,11:00-12:00
8019.0,2021-03-12,6288.0,6288.0,09:00-10:00
239229.0,2021-03-12,180827.0,180827.0,15:00-16:00
9094.0,2021-03-11,7656.0,7656.0,18:00-19:00
4973.0,2021-03-11,4309.0,4309.0,19:00-20:00
56419.0,2021-03-11,44718.0,44718.0,11:00-12:00
47540.0,2021-03-11,37962.0,37962.0,15:00-16:00
65952.0,2021-03-11,52417.0,52417.0,13:00-14:00
70131.0,2021-03-11,55580.0,55580.0,12:00-13:00
22004.0,2021-03-11,17502.0,17502.0,17:00-18:00
2275.0,2021-03-11,1989.0,1989.0,22:00-23:00
27753.0,2021-03-11,21256.0,21256.0,10:00-11:00
47678.0,2021-03-11,38224.0,38224.0,14:00-15:00
39356.0,2021-03-11,31569.0,31569.0,16:00-17:00
2970.0,2021-03-11,2545.0,2545.0,20:00-21:00
5906.0,2021-03-11,4519.0,4519.0,09:00-10:00
2038.0,2021-03-11,1862.0,1862.0,21:00-22:00
761.0,2021-03-11,621.0,621.0,08:00-09:00
1646.0,2021-03-11,1508.0,1508.0,23:00-00:00
3.0,2021-03-11,1.0,1.0,00:00-01:00
130419.0,2021-03-10,99279.0,99279.0,11:00-12:00
57269.0,2021-03-10,44116.0,44116.0,10:00-11:00
149701.0,2021-03-10,105594.0,105594.0,16:00-17:00
7734.0,2021-03-10,6404.0,6404.0,21:00-22:00
97619.0,2021-03-10,69108.0,69108.0,17:00-18:00
15208.0,2021-03-10,11965.0,11965.0,19:00-20:00
187595.0,2021-03-10,141549.0,141549.0,12:00-13:00
7539.0,2021-03-10,5982.0,5982.0,09:00-10:00
181697.0,2021-03-10,135055.0,135055.0,13:00-14:00
145307.0,2021-03-10,103266.0,103266.0,15:00-16:00
144617.0,2021-03-10,105948.0,105948.0,14:00-15:00
974.0,2021-03-10,818.0,818.0,08:00-09:00
6209.0,2021-03-10,5420.0,5420.0,22:00-23:00
10734.0,2021-03-10,8520.0,8520.0,20:00-21:00
30321.0,2021-03-10,21952.0,21952.0,18:00-19:00
2223.0,2021-03-10,1889.0,1889.0,23:00-00:00
95822.0,2021-03-09,69917.0,69917.0,17:00-18:00
172977.0,2021-03-09,128849.0,128849.0,13:00-14:00
151727.0,2021-03-09,108794.0,108794.0,15:00-16:00
140854.0,2021-03-09,100865.0,100865.0,16:00-17:00
140404.0,2021-03-09,104729.0,104729.0,14:00-15:00
57233.0,2021-03-09,44372.0,44372.0,10:00-11:00
6893.0,2021-03-09,5487.0,5487.0,09:00-10:00
5034.0,2021-03-09,4144.0,4144.0,23:00-00:00
34784.0,2021-03-09,26849.0,26849.0,18:00-19:00
17895.0,2021-03-09,13717.0,13717.0,19:00-20:00
10288.0,2021-03-09,8480.0,8480.0,20:00-21:00
5004.0,2021-03-09,4073.0,4073.0,21:00-22:00
6395.0,2021-03-09,5040.0,5040.0,22:00-23:00
178468.0,2021-03-09,135969.0,135969.0,12:00-13:00
28.0,2021-03-09,26.0,26.0,00:00-01:00
132088.0,2021-03-09,101876.0,101876.0,11:00-12:00
41499.0,2021-03-08,35815.0,35815.0,19:00-20:00
101.0,2021-03-08,98.0,98.0,00:00-01:00
11649.0,2021-03-08,10346.0,10346.0,23:00-00:00
15434.0,2021-03-08,13192.0,13192.0,22:00-23:00
21588.0,2021-03-08,19010.0,19010.0,21:00-22:00
28049.0,2021-03-08,24172.0,24172.0,20:00-21:00
78238.0,2021-03-08,65798.0,65798.0,18:00-19:00
165924.0,2021-03-08,132774.0,132774.0,17:00-18:00
199271.0,2021-03-08,156434.0,156434.0,16:00-17:00
216474.0,2021-03-08,172394.0,172394.0,15:00-16:00
215527.0,2021-03-08,175657.0,175657.0,14:00-15:00
5541.0,2021-03-08,4427.0,4427.0,09:00-10:00
255612.0,2021-03-08,206555.0,206555.0,13:00-14:00
144130.0,2021-03-08,118127.0,118127.0,11:00-12:00
71451.0,2021-03-08,59500.0,59500.0,10:00-11:00
207298.0,2021-03-08,168630.0,168630.0,12:00-13:00
